Title,Location,Fully Funded,Application Fee Waiver,Allowance,Apply Link,Deadline
"PhD Program in Geoscience, TU Delft, Netherlands","Amsterdam ,Netherlands The",No,No,No,https://www.tudelft.nl/over-tu-delft/werken-bij-tu-delft/vacatures/details?jobId=17343&jobTitle=PhD%20Position%20Tectonic%20Geomorphology%3A%20Evolution%20of%20Northern%20Africa%20for%20the%20Next%201000%20Years,05/31/2024
"Doctoral Degree Research in Astronomy, KU Leuven, Belgium","Leuven ,Belgium",No,No,No,https://www.kuleuven.be/personeel/jobsite/jobs/60322564,05/30/2024
"Masters Degree Scholarships in Psychology, Marketing and Engineering, Swansea University, United Kingdom","Swansea ,United Kingdom",No,No,No,https://www.swansea.ac.uk/postgraduate/scholarships/research/psychology-msc-research-su-environmental-rs601.php,05/15/2024
"PhD Scholarship in Sports Science, Swansea University, United Kingdom","Swansea ,United Kingdom",No,No,No,https://www.swansea.ac.uk/postgraduate/scholarships/research/sports-science-scootfit-su-phd-scooting-2024-rs591.php,06/26/2024
"Postdoctoral Position in Digital Diary Management, Cornell University, United States","New York ,United States",No,No,No,https://apps.hr.cornell.edu/recruiting/facultyview.cfm?posting_id=_JOB_POSTING-3-81448,05/15/2024
"Fully Funded Ashesi-ETH Master in Mechatronic Engineering, Switzerland","Multiple ,Switzerland",Yes,No,No,https://eth4d.ethz.ch/Learning/AshesiETH-Master.html,07/31/2024
HFSP Postdoctoral Fellowships in Life Sciences,"Europe ,Europe",No,No,No,https://www.hfsp.org/funding/hfsp-funding/postdoctoral-fellowships,09/26/2024
"Postdoctoral Scientist in Environmental Statistics, SMHI’s Hydrological Research, Sweden","Norrköping ,Sweden",No,No,No,https://web103.reachmee.com/ext/I011/1056/job?site=8&lang=UK&validator=991c4fb3061ea054e09848134790b230&job_id=593,05/07/2024
"Postdoctoral Research Associate, University of Illinois, United States","Illinois ,United States",No,No,No,https://mcb.illinois.edu/sites/default/files/2024-04/postdoc%20-%20Meroueh%20lab%2003-2024.pdf,05/15/2024
"Fully Funded PhD Scholarship in DNA-Secondary Structures, University of Melbourne, Australia","Melbourne ,Australia",Yes,No,No,https://findanexpert.unimelb.edu.au/opportunity/1263-molecular-approaches-to-study-dna-secondary-structures-in-host-parasite-interactions,05/17/2024
"Fully Funded PhD in Economics and Finance, University of Verona, Italy","Verona ,Italy",No,No,No,https://www.corsi.univr.it/?ent=cs&id=1008&menu=iscriversi&tab=comeiscriversi&lang=en,05/23/2024
"Postdoctoral Fellow in Molecular Biosciences, University of Austin, United States","Texas ,United States",No,No,No,https://utaustin.wd1.myworkdayjobs.com/UTstaff/job/AUSTIN-TX/Postdoctoral-Fellow_R_00032442,06/30/2024
"Doctoral Research in Chemistry, Wuppertal University, Germany","Wuppertal ,Germany",No,No,No,https://fsk-lab.github.io/,08/01/2024
"Doctoral Position in Machine Learning, TU Delft, Netherlands","Amsterdam ,Netherlands The",No,No,No,https://www.tudelft.nl/over-tu-delft/werken-bij-tu-delft/vacatures/details?jobId=17050&jobTitle=PhD%20Position%20in%20Control%20Theory%20and%20Machine%20Learning%20for%20Robust%20and%20Sustainable%20Plants%20Models%20at%20CropXR%2FTU%20Delft,05/16/2024
"PhD Position in Inflammation, KU Leuven, Belgium","Leuven ,Belgium",Yes,No,No,https://www.kuleuven.be/personeel/jobsite/jobs/60298848?lang=en,05/14/2024
"Doctoral Fellowships in Distributed Learning at Aarhus University, Denmark","Aarhus ,Denmark",No,No,No,https://phd.tech.au.dk/for-applicants/apply-here/saeropslag/distributed-learning-and-inference-for-artificial-intelligence-of-things,05/15/2024
"Funded Positions for Doctoral Students in Structural Engineering, Oklahoma State University, United State","Oklahoma ,United States",No,No,No,https://www.mahakenawy.com/,05/15/2024
"PhD Position in Computational Approaches, University of Groningen, Netherlands","Groningen ,Netherlands The",No,No,No,https://www.rug.nl/about-ug/work-with-us/job-opportunities/?details=00347-02S000AQCP,05/06/2024
"PhD Fellowship in Machine Learning, Uppsala University, Sweden","Uppsala ,Sweden",No,No,No,https://www.jobb.uu.se/details/?positionId=717523&languageId=1,05/15/2024
"Postdoctoral Researcher in Biology, University of Jyväskylä, Finland","Helsinki ,Finland",No,No,No,https://ats.talentadore.com/apply/postdoctoral-researcher-in-cell-and-molecular-biology/Zz3Mod,05/16/2024
"Postdoctoral Researcher in Prostate Cancer, Umeå University, Sweden","Umea ,Sweden",No,No,No,https://www.umu.se/en/work-with-us/open-positions/postdoctoral-researcher-in-pathology-with-a-focus-on-cancer-research-primarily-metastatic-prostate-cancer_721030/,06/09/2024
"Doctoral Degree Research in Behavioural Economics, FernUniversität in Hagen, Germany","Hagen ,Germany",No,No,No,https://jobs.fernuni-hagen.de/job/Hagen-Doctoral-Position/792970602/,05/09/2024
"Doctoral Scholarships in Organic Synthesis, Six Marseille University, France","Merseill ,France",No,No,No,https://euraxess.ec.europa.eu/jobs/211068,05/31/2024
"BBSRC funded Doctoral Training Partnership, United Kingdom","Multiple ,United Kingdom",No,No,Yes,https://warwick.ac.uk/fac/cross_fac/mibtp/phd/,05/31/2024
"PhD Research in Electrical Engineering, University of Twente, Netherlands","Amsterdam ,Netherlands The",No,No,No,https://utwentecareers.nl/en/vacancies/873/phd-position-in-ic-design-group/,07/01/2024
"Doctoral Research in Environmental Science, Wageningen University, Netherlands","Amsterdam ,Netherlands The",No,No,No,https://www.wur.nl/en/vacancy/2-phd-positions-scaling-circular-consumption-sharing-and-repairing-in-everyday-urban-life.htm,05/27/2024
"PhD Position in Machine Learning, Cambridge University, United Kingdom","London ,United Kingdom",No,No,No,https://www.jobs.cam.ac.uk/job/45565/,05/16/2024
"Doctoral Degree Position in Biomedical Science, KU Leuven, Belgium","Lueven ,Belgium",No,No,No,https://www.kuleuven.be/personeel/jobsite/jobs/60298848,05/14/2024
"PhD Program in Sustainable and Management, Erasmus University Rotterdam, Netherlands","Rotterdam ,Netherlands The",No,No,No,https://www.erim.eur.nl/doctoral-programme/phd-in-management/phd-vacancies/phd-in-sustainability-and-management/,05/15/2024
Queen Elizabeth Commonwealth Scholarships,"Multiple ,Africa",No,No,Yes,https://www.acu.ac.uk/funding-opportunities/for-students/scholarships/queen-elizabeth-commonwealth-scholarships/,05/24/2024
"PhD Fellowship in Microbial Ecology, University of Bergen, Norway","Bergen ,Norway",No,No,No,https://www.jobbnorge.no/en/available-jobs/job/259823/phd-research-fellow-in-microbial-ecology,06/01/2024
"PhD Studentship in Computer Science, Newcastle University, United Kingdom","Tyneside ,United Kingdom",No,No,Yes,https://www.ncl.ac.uk/postgraduate/fees-funding/search-funding/?code=comp2163,05/30/2024
"Doctoral Degree Funding in Chemistry, University of Manchester, United Kingdom","Manchester ,United Kingdom",Yes,No,No,https://www.jobs.ac.uk/job/DHD501/phd-studentship-using-natural-language-processing-and-molecular-simulations-to-build-polymer-databases,09/10/2024
"PhD Opportunity in Communication Systems, Linkoping University, Sweden","Stockholm ,Sweden",No,No,No,https://liu.se/en/work-at-liu/vacancies/24246,05/15/2024
"Postdoctoral Research in Aerospace Engineering, TU Delft, Netherlands","Amsterdam ,Netherlands The",No,No,No,https://www.tudelft.nl/over-tu-delft/werken-bij-tu-delft/vacatures/details?jobId=17161&jobTitle=Postdoc%20Researcher%20Damage%20Tolerance%20of%20Structural%20Bonded%20Joints%20,05/13/2024
"Doctoral Degree Scholarships in Accounting, Southampton Business School, United Kingdom","Southampton ,United Kingdom",Yes,No,No,https://www.southampton.ac.uk/study/postgraduate-research/projects/phd-scholarships-in-accounting#about,05/09/2024
"PhD Studentship in Bayesian Analysis, University of Cambridge, United Kingdom","London ,United Kingdom",No,No,No,https://www.jobs.cam.ac.uk/job/46000/,05/18/2024
"Marie Curie Individual Fellowship, University of Barcelona, Spain","Barcelona ,Spain",No,No,No,http://www.ub.edu/irbio/call-for-postdoctoral-candidates-interested-in-applying-for-marie-curie-individual-fellowship-in-the-field-of-marine-reserves-and-integrated-management-o-55-ca,05/11/2024
"PhD Position in Carbon EcoSystem, Utrecht University, Netherlands","Utrecht ,Netherlands The",No,No,No,https://www.uu.nl/en/organisation/working-at-utrecht-university/jobs/phd-position-on-assessing-carbon-sequestration-in-blue-ecosystems,05/15/2024
"PhD in Science and Engineering, University of Manchester, United Kingdom","Manchester ,United Kingdom",No,No,No,https://www.se.manchester.ac.uk/phds-science-engineering/?utm_source=findaphd_courseprofile&utm_medium=referral&utm_campaign=fse_pgr_2324&utm_content=apply#d.en.878434,06/30/2024
"Doctoral Research in Natural & Mathematical Sciences, King's College London, United Kingdom","London ,United Kingdom",No,No,No,https://www.kcl.ac.uk/nmes/research/physical-science-of-life,05/10/2024
"Computational Biology and Bioinformatics (M.Sc.), Georg-August-Universität Göttingen, Germany","Göttingen ,Germany",No,No,No,https://uni-goettingen.de/de/657628.html,05/15/2024
"Doctoral Research in Epitaxial Compounds, Institut Jean Lamour, France","Paris ,France",Yes,No,No,https://bul.univ-lorraine.fr/index.php/s/ecfBo5rYKxZn6tM,06/30/2024
"Postdoctoral Position in Population Modelling at NINA, Norway","Trondheim ,Norway",No,No,No,https://www.finn.no/job/fulltime/ad.html?finnkode=346927624,05/07/2024
"Fully Funded PhD Position in Immunology and Cell Biology, Ospedale San Raffaele SRL, Italy","Milan ,Italy",No,No,No,https://immergeproject.eu/apply-now/,05/20/2024
"Postdoctoral Fellows, National Institute of Genetics, Japan","Shizuoka ,Japan",No,No,No,https://www.nig.ac.jp/nig/career-development/nigpostdoc2025,07/05/2024
"PhD Research in Energy Storage Systems, LUT University, Finland","Lappeenranta ,Finland",No,No,No,https://lut.rekrytointi.com/paikat/index.php?jid=1089&key=&o=A_RJ&rspvt=bc1qre8jdw2azrg6tf49wmp652w00xltddxmpk98xp,05/15/2024
"Multiple Doctoral and Postdoctoral Positions, Sabanci University, Turkey","Instabul ,Turkey",No,No,No,https://mustafaoglulab.com/positions.html,05/24/2024
"PhD Project in Modeling, Sorbonne University, France","Alpes ,France",No,No,No,https://sfecologie.org/offre/funded-phd-anr-wine-iees-paris-interaction-food-webs-spatial-webs-modeling/,05/15/2024
